2022-08-17,gregmacfarlane,glossary.md
2022-08-17,gregmacfarlane,Working_with_vehicle_re_identification_data_in_project_level_traffic_forecasting.md
2022-08-17,gregmacfarlane,Windowing_with_OD_table_estimation_from_traffic_counts_in_project_level_traffic_forecasting.md
2022-08-17,gregmacfarlane,Webinars_and_Videos.md
2022-08-17,gregmacfarlane,Washington_State_Comprehensive_Tolling_Study_Volume_1_Final_Report.md
2022-08-17,gregmacfarlane,Visitor_surveys.md
2022-08-17,gregmacfarlane,Vine_building.md
2022-08-17,gregmacfarlane,Version_Control.md
2022-08-17,gregmacfarlane,Vehicle_mix_refinements_in_project_level_traffic_forecasting.md
2022-08-17,gregmacfarlane,Vehicle_Ownership_Models.md
2022-08-17,gregmacfarlane,Vehicle_Counts.md
2022-08-17,gregmacfarlane,Validating_Input_Data.md
2022-08-17,gregmacfarlane,Utility.md
2022-08-17,gregmacfarlane,Using_policy_to_affect_travel_behavior.md
2022-08-17,gregmacfarlane,User_benefits_in_project_level_traffic_forecasting.md
2022-08-17,gregmacfarlane,User_Equilibrium.md
2022-08-17,gregmacfarlane,Urban_and_metropolitan_models.md
2022-08-17,gregmacfarlane,Urban_Data.md
2022-08-17,gregmacfarlane,Urban_Big_Data.md
2022-08-17,gregmacfarlane,UrbanDataResources.md
2022-08-17,gregmacfarlane,Two_Lane_Highways.md
2022-08-17,gregmacfarlane,Twin_Cities_HOV_Study_Final_Report.md
2022-08-17,gregmacfarlane,Turning_movement_refinements_in_project_level_traffic_forecasting.md
2022-08-17,gregmacfarlane,Trip_interchange.md
2022-08-17,gregmacfarlane,Trip_distribution.md
2022-08-17,gregmacfarlane,Trip_based_models.md
2022-08-17,gregmacfarlane,Trip_Generation.md
2022-08-17,gregmacfarlane,Trend_models_in_project_level_traffic_forecasting.md
2022-08-17,gregmacfarlane,Travel_surveys.md
2022-08-17,gregmacfarlane,Travel_survey_data.md
2022-08-17,gregmacfarlane,Travel_model_curriculum.md
2022-08-17,gregmacfarlane,Travel_behavior.md
2022-08-17,gregmacfarlane,Travel_Time_Speed_and_Reliability_Data.md
2022-08-17,gregmacfarlane,Travel_Forecasting_for_the_Capital_Investment_Grant_Program.md
2022-08-17,gregmacfarlane,Travel_Forecasting_Results_Report.md
2022-08-17,gregmacfarlane,Travel_Demand_and_Network_Model_Integration_Schemas.md
2022-08-17,gregmacfarlane,Travel_Behaviour_A_review_of_recent_literature.md
2022-08-17,gregmacfarlane,Travel_Behavior_of_Diverse_Populations.md
2022-08-17,gregmacfarlane,Travel_Behavior_Resources.md
2022-08-17,gregmacfarlane,Transportation_secure_data_center.md
2022-08-17,gregmacfarlane,Transportation_networks.md
2022-08-17,gregmacfarlane,Transportation_Elasticities_How_Prices_and_Other_Factors_Affect_Travel_Behavior.md
2022-08-17,gregmacfarlane,Transit_onboard_surveys.md
2022-08-17,gregmacfarlane,Transit_networks.md
2022-08-17,gregmacfarlane,Transit_mode_combinations.md
2022-08-17,gregmacfarlane,Transit_dwell_time.md
2022-08-17,gregmacfarlane,Transit_crowding.md
2022-08-17,gregmacfarlane,Transit_Vehicles.md
2022-08-17,gregmacfarlane,Transit_Route_Frequency.md
2022-08-17,gregmacfarlane,Transit_Route.md
2022-08-17,gregmacfarlane,Transit_Path_Parameters.md
2022-08-17,gregmacfarlane,Transit_Network_Service_Determination.md
2022-08-17,gregmacfarlane,Transit_Network_Assignment.md
2022-08-17,gregmacfarlane,Transit_Fares.md
2022-08-17,gregmacfarlane,Transit_Data.md
2022-08-17,gregmacfarlane,Traffic_simulation_models.md
2022-08-17,gregmacfarlane,Traffic_microsimulation_in_project_level_traffic_forecasting.md
2022-08-17,gregmacfarlane,Traffic_dynamics_in_project_level_traffic_forecasting.md
2022-08-17,gregmacfarlane,Traffic_Data.md
2022-08-17,gregmacfarlane,Traffic_Analysis_Zone.md
2022-08-17,gregmacfarlane,Toward_a_dynamic_model_of_individual_activity_pattern_formulation.md
2022-08-17,gregmacfarlane,Tour_based_models.md
2022-08-17,gregmacfarlane,Tour_based_and_supply_chain_modeling_for_freight.md
2022-08-17,gregmacfarlane,Topic_Circles.md
2022-08-17,gregmacfarlane,Tolling_and_Public_Private_Partnerships_in_Texas_Separating_Myth_from_Fact.md
2022-08-17,gregmacfarlane,Time_of_Day_Factoring.md
2022-08-17,gregmacfarlane,The_Transportation_Planning_Process_Key_Issues.md
2022-08-17,gregmacfarlane,The_Chicago_Area_Transportation_Study_Creating_the_First_Plan_1955_1962_.md
2022-08-17,gregmacfarlane,The_ARC_and_SACOG_Experience_with_Activity_Based_Models_Synthesis_and_Lessons_Learned.md
2022-08-17,gregmacfarlane,Temporal_resolution_in_project_level_traffic_forecasting.md
2022-08-17,gregmacfarlane,Temporal_refinements_and_directional_split_refinements_in_project_level_traffic_forecasting.md
2022-08-17,gregmacfarlane,Temporal_data.md
2022-08-17,gregmacfarlane,T_PICS_Transportation_Project_Impact_Case_Studies.md
2022-08-17,gregmacfarlane,TRANSIMS.md
2022-08-17,gregmacfarlane,TMIP_Activity_Based_Model_Webinar_Series_Instructor_Manual.md
2022-08-17,gregmacfarlane,TMIP.md
2022-08-17,gregmacfarlane,TCRP_Synthesis_63.md
2022-08-17,gregmacfarlane,TCRP_Report_95_Chapter_14_Road_Value_Pricing_Traveler_Response_to_Transportation_System_Changes.md
2022-08-17,gregmacfarlane,TCRP_Report_95_Chapter_13_Parking_Pricing_and_Fares_Traveler_Response_to_Transportation_System_Changes.md
2022-08-17,gregmacfarlane,TCRP_Report_95_Chapter_12_Transit_Pricing_and_Fares_Traveler_Response_to_Transportation_System_Changes.md
2022-08-17,gregmacfarlane,Synthetic_populations_review_of_the_different_approaches.md
2022-08-17,gregmacfarlane,Subarea_focusing_in_project_level_traffic_forecasting.md
2022-08-17,gregmacfarlane,Style_Guide.md
2022-08-17,gregmacfarlane,Strategic_Models.md
2022-08-17,gregmacfarlane,Stochastic_Traffic_Assignment.md
2022-08-17,gregmacfarlane,Stepwise_Model_Calibration_Validation.md
2022-08-17,gregmacfarlane,Statewide_models.md
2022-08-17,gregmacfarlane,Statewide_Models_Trip_based_Models.md
2022-08-17,gregmacfarlane,Statewide_Models_Special_Models.md
2022-08-17,gregmacfarlane,Statewide_Models_ODME_Models.md
2022-08-17,gregmacfarlane,Statewide_Models_Activity_based_Models.md
2022-08-17,gregmacfarlane,Statewide_Modeling_Subcommittee_ADA10_2_.md
2022-08-17,gregmacfarlane,Statewide_Modeling_Case_Studies.md
2022-08-17,gregmacfarlane,Statewide_Freight_Modeling.md
2022-08-17,gregmacfarlane,Stated_preference_surveys.md
2022-08-17,gregmacfarlane,Speed_and_travel_time_refinements_in_project_level_traffic_forecasting.md
2022-08-17,gregmacfarlane,Special_reporting_requirements_in_project_level_traffic_forecasting.md
2022-08-17,gregmacfarlane,Spatial_interaction_models.md
2022-08-17,gregmacfarlane,Spatial_data.md
2022-08-17,gregmacfarlane,Solution_Algorithm.md
2022-08-17,gregmacfarlane,Software_Development_For_Travel_Modeling.md
2022-08-17,gregmacfarlane,Software.md
2022-08-17,gregmacfarlane,Smoothing_in_project_level_traffic_forecasting.md
2022-08-17,gregmacfarlane,Skim_Matrix.md
2022-08-17,gregmacfarlane,Sketch_planning_models.md
2022-08-17,gregmacfarlane,Screenline_refinements_in_project_level_traffic_forecasting.md
2022-08-17,gregmacfarlane,Scenario_sensitivity_testing_in_project_level_traffic_forecasting.md
2022-08-17,gregmacfarlane,Scenario_Forecasting_for_Travel_Demand_Modeling.md
2022-08-17,gregmacfarlane,Safety_Data.md
2022-08-17,gregmacfarlane,Safety_Analysis.md
2022-08-17,gregmacfarlane,STOPS.md
2022-08-17,gregmacfarlane,SR_288_Metropolitan_Travel_Forecasting_Current_Practice_and_Future_Direction.md
2022-08-17,gregmacfarlane,SHRP2_C04_Improving_Our_Understanding_of_How_Highway_Congestion_and_Pricing_Affect_Travel_Demand.md
2022-08-17,gregmacfarlane,SFCTA_s_Experience_Using_its_SF_CHAMP_Activity_Based_Model.md
2022-08-17,gregmacfarlane,SFCTA_Paper_incorporating_crowding.md
2022-08-17,gregmacfarlane,Response_bias.md
2022-08-17,gregmacfarlane,Resources.md
2022-08-17,gregmacfarlane,Representations_of_Decision_Making_Behavior_in_Travel_Modeling.md
2022-08-17,gregmacfarlane,Reports.md
2022-08-17,gregmacfarlane,Reporting_of_reasonable_bounds_on_forecast_values_in_project_level_traffic_forecasting.md
2022-08-17,gregmacfarlane,Regulatory_framework_for_metropolitan_modeling.md
2022-08-17,gregmacfarlane,Regression_Analysis.md
2022-08-17,gregmacfarlane,Refining_vehicle_class_forecasts_for_evaluation_in_project_level_traffic_forecasting.md
2022-08-17,gregmacfarlane,Refining_speeds_for_evaluation_in_project_level_traffic_forecasting.md
2022-08-17,gregmacfarlane,README.md
2022-08-17,gregmacfarlane,Quality_assurance_and_validation_standards_in_project_level_traffic_forecasting.md
2022-08-17,gregmacfarlane,Purpose_of_project_level_travel_forecasting.md
2022-08-17,gregmacfarlane,Puget_Sound_Regional_Council.md
2022-08-17,gregmacfarlane,Public_transport_transit_modeling.md
2022-08-17,gregmacfarlane,Project_level_traffic_forecasting.md
2022-08-17,gregmacfarlane,Project_level_forecasting_process.md
2022-08-17,gregmacfarlane,Pricing_and_valuation.md
2022-08-17,gregmacfarlane,Pricing_and_Travel_Time_Reliability_Enhancements_in_the_SANDAG_Activity_Based_Travel_Model_Final_Report.md
2022-08-17,gregmacfarlane,Prerequisites_for_travel_modeling.md
2022-08-17,gregmacfarlane,Population_Synthesis_For_Microsimulating_Travel_Behavior.md
2022-08-17,gregmacfarlane,Population_Synthesis.md
2022-08-17,gregmacfarlane,Policy_relevance_of_transportation_models.md
2022-08-17,gregmacfarlane,Polaris.md
2022-08-17,gregmacfarlane,Plausibility_Assessment_of_a_Travel_Forecast.md
2022-08-17,gregmacfarlane,Pivoting_with_select_link_analysis_for_small_developments_in_project_level_traffic_forecasting.md
2022-08-17,gregmacfarlane,Pedestrian_Route_Choice.md
2022-08-17,gregmacfarlane,Pavement_design_in_project_level_traffic_forecasting.md
2022-08-17,gregmacfarlane,Path_Finding_Algorithm.md
2022-08-17,gregmacfarlane,Path_Choice_Mode_choice_Consistency.md
2022-08-17,gregmacfarlane,Parking_surveys.md
2022-08-17,gregmacfarlane,Origin_Destination.md
2022-08-17,gregmacfarlane,Open_Matrix_Format.md
2022-08-17,gregmacfarlane,Open_Data_Sources.md
2022-08-17,gregmacfarlane,Open_Code_Directory.md
2022-08-17,gregmacfarlane,Online_Travel_Survey_Manual.md
2022-08-17,gregmacfarlane,On_Board_Transit_Survey.md
2022-08-17,gregmacfarlane,OD_table_refinements_in_project_level_traffic_forecasting.md
2022-08-17,gregmacfarlane,New_Starts.md
2022-08-17,gregmacfarlane,Network_assignment.md
2022-08-17,gregmacfarlane,National_guidelines_for_use_in_project_level_traffic_forecasting.md
2022-08-17,gregmacfarlane,NCTCOG_Path_Towards_Advanced_Analytical_Tools.md
2022-08-17,gregmacfarlane,NCHRP_Synthesis_406_Advanced_Practices_in_Travel_Forecasting_A_Synthesis_of_Highway_Practice.md
2022-08-17,gregmacfarlane,NCHRP_Report_765.md
2022-08-17,gregmacfarlane,NCHRP_775_Applying_GPS_Data_to_Understand_Travel_Behavior.md
2022-08-17,gregmacfarlane,Multiple_Discrete_Continuous_Extreme_Value_MDCEV_Model.md
2022-08-17,gregmacfarlane,Multi_resolution_models.md
2022-08-17,gregmacfarlane,Modelers.md
2022-08-17,gregmacfarlane,Model_validation_plans.md
2022-08-17,gregmacfarlane,Model_integration.md
2022-08-17,gregmacfarlane,Model_estimation_software.md
2022-08-17,gregmacfarlane,Model_estimation.md
2022-08-17,gregmacfarlane,Model_calibration_and_validation.md
2022-08-17,gregmacfarlane,Model_calibration.md
2022-08-17,gregmacfarlane,Model_Validation_and_Reasonableness_Checking_Validation_Plan.md
2022-08-17,gregmacfarlane,Model_Validation_and_Reasonableness_Checking_Time_Of_Day.md
2022-08-17,gregmacfarlane,Model_Validation_and_Reasonableness_Checking_Temporal_And_Sensitivity.md
2022-08-17,gregmacfarlane,Model_Validation_and_Reasonableness_Checking_Tables.md
2022-08-17,gregmacfarlane,Model_Validation_and_Reasonableness_Checking_Socioeconomic_Models.md
2022-08-17,gregmacfarlane,Model_Validation_and_Reasonableness_Checking_Model_Inputs.md
2022-08-17,gregmacfarlane,Model_Validation_and_Reasonableness_Checking_Mode_Choice.md
2022-08-17,gregmacfarlane,Model_Validation_and_Reasonableness_Checking_Introduction.md
2022-08-17,gregmacfarlane,Model_Validation_and_Reasonableness_Checking_Figures.md
2022-08-17,gregmacfarlane,Model_Validation_and_Reasonableness_Checking_Documentation.md
2022-08-17,gregmacfarlane,Model_Validation_and_Reasonableness_Checking_Distribution.md
2022-08-17,gregmacfarlane,Model_Validation_and_Reasonableness_Checking_Assignment.md
2022-08-17,gregmacfarlane,Model_Validation_and_Reasonableness_Checking_Amount_Of_Travel.md
2022-08-17,gregmacfarlane,Model_Validation_and_Reasonableness_Checking.md
2022-08-17,gregmacfarlane,Model_Transferability.md
2022-08-17,gregmacfarlane,Model_Improvement_Plan.md
2022-08-17,gregmacfarlane,Model_Data_Management.md
2022-08-17,gregmacfarlane,Mode_choice.md
2022-08-17,gregmacfarlane,Mode_Choice_Behavior.md
2022-08-17,gregmacfarlane,Modal_hierarchy.md
2022-08-17,gregmacfarlane,Measures_of_effectiveness_and_performance_measures_in_project_level_traffic_forecasting.md
2022-08-17,gregmacfarlane,Maryland_Statewide_Transportation_Model.md
2022-08-17,gregmacfarlane,Markov_Models.md
2022-08-17,gregmacfarlane,Market_Segmentation.md
2022-08-17,gregmacfarlane,MPO_model_documentation.md
2022-08-17,gregmacfarlane,Long_range_transportation_plan.md
2022-08-17,gregmacfarlane,Long_distance_Travel.md
2022-08-17,gregmacfarlane,Location_Based_Services_Data.md
2022-08-17,gregmacfarlane,List_of_Model_User_Groups.md
2022-08-17,gregmacfarlane,Linear_models_with_explanatory_variables_in_project_level_traffic_forecasting.md
2022-08-17,gregmacfarlane,Limited_role_of_judgment_in_project_level_traffic_forecasting.md
2022-08-17,gregmacfarlane,Limitations_in_classic_constraint_based_approaches.md
2022-08-17,gregmacfarlane,Land_use_transport_modeling.md
2022-08-17,gregmacfarlane,Land_use_transport_model_types.md
2022-08-17,gregmacfarlane,Land_use_models_in_project_level_traffic_forecasting.md
2022-08-17,gregmacfarlane,LM2.md
2022-08-17,gregmacfarlane,LM1.md
2022-08-17,gregmacfarlane,Joint_Travel_Behavior.md
2022-08-17,gregmacfarlane,Joint_Conditional_Destination_Choices.md
2022-08-17,gregmacfarlane,J_Douglas_Carroll.md
2022-08-17,gregmacfarlane,Iterative_Proportional_Fitting.md
2022-08-17,gregmacfarlane,Interpolation_between_forecast_years_in_project_level_traffic_forecasting.md
2022-08-17,gregmacfarlane,Integrated_Travel_Demand_and_Network_Models.md
2022-08-17,gregmacfarlane,Inside_the_Black_Box.md
2022-08-17,gregmacfarlane,Innovations_in_Travel_Modeling.md
2022-08-17,gregmacfarlane,Including_TRB_sponsored_research.md
2022-08-17,gregmacfarlane,Impedance.md
2022-08-17,gregmacfarlane,Impacts_of_Time_of_Day_Pricing_on_Travel_Behavior_General_Findings_from_the_Port_Authority_of_New_York_and_New_Jersey_s_Initiative.md
2022-08-17,gregmacfarlane,Ideal_travel_model_standard_in_project_level_traffic_forecasting.md
2022-08-17,gregmacfarlane,Hybrid_models_in_project_level_traffic_forecasting.md
2022-08-17,gregmacfarlane,Household_travel_surveys.md
2022-08-17,gregmacfarlane,History_of_land_use_transport_modeling.md
2022-08-17,gregmacfarlane,Highway_noise_analysis_in_project_level_traffic_forecasting.md
2022-08-17,gregmacfarlane,Highway_networks.md
2022-08-17,gregmacfarlane,Highway_Research_Board_Special_Report_120_Urban_Commodity_Flow.md
2022-08-17,gregmacfarlane,Highway_Capacity_Manual.md
2022-08-17,gregmacfarlane,High_Occupancy_Toll_Lanes_Potential_for_Implementation_in_the_Atlanta_Region.md
2022-08-17,gregmacfarlane,Health_and_Transportation_Data.md
2022-08-17,gregmacfarlane,Half_lane_rule_and_extensions_in_project_level_traffic_forecasting.md
2022-08-17,gregmacfarlane,H_GAC_Activity_Based_Model_Model_Validation_Plan_Report.md
2022-08-17,gregmacfarlane,Guidelines_for_Network_Representation_of_Transit_Access_State_of_the_Practice_Summary.md
2022-08-17,gregmacfarlane,Goods_Movement_Study_in_Illinois_Application_to_Freight_Transportation_and_Logistics.md
2022-08-17,gregmacfarlane,Global_Positioning_Systems_GPS_Data.md
2022-08-17,gregmacfarlane,Georgia_Statewide_Model.md
2022-08-17,gregmacfarlane,GPS_enabled_surveys.md
2022-08-17,gregmacfarlane,GPS_Based_Pilot_Survey_of_Freight_Movements_in_the_Midwest_Region.md
2022-08-17,gregmacfarlane,Future_prospect_for_activity_based_models.md
2022-08-17,gregmacfarlane,Future_Development_of_TFR.md
2022-08-17,gregmacfarlane,Freight_modeling.md
2022-08-17,gregmacfarlane,Freight_assignment.md
2022-08-17,gregmacfarlane,Format_Testing.md
2022-08-17,gregmacfarlane,Factors_Affecting_Destination_Choice.md
2022-08-17,gregmacfarlane,External_surveys.md
2022-08-17,gregmacfarlane,Explaining_Activity_Based_Models_to_a_General_Audience.md
2022-08-17,gregmacfarlane,Example_of_an_autoregression_model_with_Box_Cox_transformation.md
2022-08-17,gregmacfarlane,Establishment_surveys.md
2022-08-17,gregmacfarlane,Errors_and_variability_in_volume_data_for_project_level_traffic_forecasts.md
2022-08-17,gregmacfarlane,Empirical_Accuracy_of_Travel_Forecasts.md
2022-08-17,gregmacfarlane,Dynamic_network_models.md
2022-08-17,gregmacfarlane,Dynamic_Traffic_Assignment.md
2022-08-17,gregmacfarlane,Documentation_standards_in_project_level_traffic_forecasting.md
2022-08-17,gregmacfarlane,Discussion_of_travel_delay_in_acceptable_models_in_project_level_traffic_forecasting.md
2022-08-17,gregmacfarlane,Development_of_Guidelines_for_TxDOT_Regional_Toll_Authority_Cooperation_and_Coordination.md
2022-08-17,gregmacfarlane,Destination_Choice_Theoretical_Foundations.md
2022-08-17,gregmacfarlane,Destination_Choice_Set_Formation.md
2022-08-17,gregmacfarlane,Destination_Choice_Parameter_Estimation.md
2022-08-17,gregmacfarlane,Destination_Choice_Models.md
2022-08-17,gregmacfarlane,Destination_Choice_Mathematical_Formulation.md
2022-08-17,gregmacfarlane,Destination_Choice_Implementation_and_Application.md
2022-08-17,gregmacfarlane,Destination_Choice_Data_Sources.md
2022-08-17,gregmacfarlane,Destination_Choice_Calibration_and_Validation.md
2022-08-17,gregmacfarlane,DestChoice_MathFormulation_Fig-1.jpg
2022-08-17,gregmacfarlane,Design_principles_of_land_use_models.md
2022-08-17,gregmacfarlane,Design_Hourly_Volume.md
2022-08-17,gregmacfarlane,Delay_Estimation_in_Trip_Based_Models.md
2022-08-17,gregmacfarlane,Data_Visualization.md
2022-08-17,gregmacfarlane,Data_Driven_Methods.md
2022-08-17,gregmacfarlane,Data_Development.md
2022-08-17,gregmacfarlane,Dallas_Case_Study.md
2022-08-17,gregmacfarlane,DTA_Primer.md
2022-08-17,gregmacfarlane,DRCOG_s_Experience_Using_its_FOCUS_Activity_Based_Model.md
2022-08-17,gregmacfarlane,Current_trends_in_travel_behavior.md
2022-08-17,gregmacfarlane,Current_Status_of_Statewide_Models.md
2022-08-17,gregmacfarlane,Count_Models.md
2022-08-17,gregmacfarlane,Contributing.md
2022-08-17,gregmacfarlane,Contributing-Dev-Instructions.md
2022-08-17,gregmacfarlane,Content_Charrette_Destination_Choice_Models.md
2022-08-17,gregmacfarlane,Content_Charrette_Autonomous_Vehicles.md
2022-08-17,gregmacfarlane,Community.md
2022-08-17,gregmacfarlane,Commercial_vehicle_surveys.md
2022-08-17,gregmacfarlane,Choicesetdepiction.png
2022-08-17,gregmacfarlane,Choice_of_techniques_in_project_level_traffic_forecasts.md
2022-08-17,gregmacfarlane,Choice_models.md
2022-08-17,gregmacfarlane,Choice_Models_with_Aggregate_Choices.md
2022-08-17,gregmacfarlane,Choice_Model_Development_in_Practice.md
2022-08-17,gregmacfarlane,Cellular_Communications_Data.md
2022-08-17,gregmacfarlane,Bypasses_in_project_level_traffic_forecasting.md
2022-08-17,gregmacfarlane,Box_Cox_transformations_in_project_level_traffic_forecasting.md
2022-08-17,gregmacfarlane,Big_Picture.md
2022-08-17,gregmacfarlane,Big_Data.md
2022-08-17,gregmacfarlane,Benefits_of_dynamic_network_models.md
2022-08-17,gregmacfarlane,Benefits_of_Activity_Based_Models.md
2022-08-17,gregmacfarlane,Average_Daily_Traffic.md
2022-08-17,gregmacfarlane,Average_Annual_Daily_Traffic.md
2022-08-17,gregmacfarlane,Autoregressive_models_in_project_forecasting.md
2022-08-17,gregmacfarlane,Autonomous_vehicles_use_cases.md
2022-08-17,gregmacfarlane,Autonomous_vehicles_planning_and_policy_context.md
2022-08-17,gregmacfarlane,Autonomous_vehicles_operation_network.md
2022-08-17,gregmacfarlane,Autonomous_vehicles_Modeling_frameworks.md
2022-08-17,gregmacfarlane,Autonomous_vehicles_Lexicon.md
2022-08-17,gregmacfarlane,Autonomous_vehicles_Forecasting.md
2022-08-17,gregmacfarlane,Autonomous_vehicles_Early_applications.md
2022-08-17,gregmacfarlane,Autonomous_vehicles_CAV_Penetration_Rates.md
2022-08-17,gregmacfarlane,Autonomous_vehicles_Behavioral_considerations.md
2022-08-17,gregmacfarlane,Autonomous_vehicles.md
2022-08-17,gregmacfarlane,Associations_Organizations_and_Committees.md
2022-08-17,gregmacfarlane,Air_quality_estimation_in_project_level_traffic_forecasting.md
2022-08-17,gregmacfarlane,Activity_based_models.md
2022-08-17,gregmacfarlane,Activity_Travel_Planning_and_Decision_Making_Behaviors.md
2022-08-17,gregmacfarlane,Activity_Based_Modeling_Primer.md
2022-08-17,gregmacfarlane,Active_transport_modeling.md
2022-08-17,gregmacfarlane,Accessibility.md
2022-08-17,gregmacfarlane,About.md
2022-08-17,gregmacfarlane,A_historical_perspective_of_innovations_in_travel_modeling.md
2022-08-17,gregmacfarlane,ARC_s_Experience_Using_its_CT_RAMP_Activity_Based_Model.md
2022-08-17,gregmacfarlane,ALBATROSS.md
2022-08-17,gregmacfarlane,7th_ITM_Conference_Atlanta_Georgia_2018.md
2022-08-17,gregmacfarlane,6th_ITM_Conference_Denver_Colorado_2016.md
2022-08-17,gregmacfarlane,3rd_TRB_Conference_on_Innovations_in_Travel_Modeling.md
2022-08-17,gregmacfarlane,2nd_TRB_Conference_on_Innovations_in_Travel_Modeling.md
2022-08-17,gregmacfarlane,2012_Household_Travel_Survey_Symposium_Conference_Summary_and_Final_Report.md
2022-08-17,gregmacfarlane,1st_TRB_Conference_on_Innovations_in_Travel_Modeling.md
2022-08-17,gregmacfarlane,00_Table_Contents.md
